Workbook

Sheet How to use
A1: TQX Content Machine: Build Checklist
A2: GATC + QUBE · Editor is human for now · Full detail in AGENTS-AND-SKILLS-PLAN.md
A4: Tab | B4: What it's for
A5: Dashboard | B5: Overall progress. Fills in automatically. Don't edit.
A6: Skills | B6: All 34 skills. Update the yellow Status column as you work. Add notes in the Notes column.
A7: Agents | B7: All 11 agents. "Skills done" and "Ready?" fill in automatically from the Skills tab. Update the yellow Status column when you build one.
A8: Agent x Skill | B8: Which agent loads which skill (✓). Reference only.
A9: Setup & Inputs | B9: Non-skill tasks: tools, accounts, and the raw material Mark needs to collect. Update the yellow Status column.
A11: Yellow cells | B11: The only cells you edit. Pick from the dropdown.
A12: Skill status | B12: Not started → In progress → Drafted → Reviewed → Done
A13: Agent status | B13: Not started → Building → Testing → Live
A14: START HERE | B14: terminology and gold-standard-scripts save the most fixing time. Do them first.
A15: Who builds | B15: Mark = only Mark knows it · Pipeline = built from the link database / recordings · Claude drafts, Mark corrects · Already exists
A16: Phase | B16: 1 Foundation · 2 Study pipeline · 3 Analytics · 4 Feedback · 5 Competitors · 6 Production · 7 Automate · 8 Later
A17: Tip | B17: For every rule you write in a skill, include a bad line and a fixed line. Claude follows examples far more reliably than rules.

Sheet Dashboard
A1: Progress
A2: Fills in automatically from the other tabs.
A4: Skills by who builds | B4: Total | C4: Done | D4: % done
A5: Mark | B5: =COUNTIF(Skills!$D$2:$D$35,A5) | C5: =COUNTIFS(Skills!$D$2:$D$35,A5,Skills!$K$2:$K$35,"Done") | D5: =IF(B5=0,0,C5/B5)
A6: Pipeline | B6: =COUNTIF(Skills!$D$2:$D$35,A6) | C6: =COUNTIFS(Skills!$D$2:$D$35,A6,Skills!$K$2:$K$35,"Done") | D6: =IF(B6=0,0,C6/B6)
A7: Claude drafts, Mark corrects | B7: =COUNTIF(Skills!$D$2:$D$35,A7) | C7: =COUNTIFS(Skills!$D$2:$D$35,A7,Skills!$K$2:$K$35,"Done") | D7: =IF(B7=0,0,C7/B7)
A8: Already exists | B8: =COUNTIF(Skills!$D$2:$D$35,A8) | C8: =COUNTIFS(Skills!$D$2:$D$35,A8,Skills!$K$2:$K$35,"Done") | D8: =IF(B8=0,0,C8/B8)
A9: All skills | B9: =SUM(B5:B8) | C9: =SUM(C5:C8) | D9: =IF(B9=0,0,C9/B9)
A11: Skills by phase | B11: Total | C11: Done | D11: % done
A12: 1 Foundation | B12: =COUNTIF(Skills!$E$2:$E$35,1) | C12: =COUNTIFS(Skills!$E$2:$E$35,1,Skills!$K$2:$K$35,"Done") | D12: =IF(B12=0,0,C12/B12)
A13: 2 Study pipeline | B13: =COUNTIF(Skills!$E$2:$E$35,2) | C13: =COUNTIFS(Skills!$E$2:$E$35,2,Skills!$K$2:$K$35,"Done") | D13: =IF(B13=0,0,C13/B13)
A14: 3 Analytics | B14: =COUNTIF(Skills!$E$2:$E$35,3) | C14: =COUNTIFS(Skills!$E$2:$E$35,3,Skills!$K$2:$K$35,"Done") | D14: =IF(B14=0,0,C14/B14)
A15: 4 Feedback | B15: =COUNTIF(Skills!$E$2:$E$35,4) | C15: =COUNTIFS(Skills!$E$2:$E$35,4,Skills!$K$2:$K$35,"Done") | D15: =IF(B15=0,0,C15/B15)
A16: 5 Competitors | B16: =COUNTIF(Skills!$E$2:$E$35,5) | C16: =COUNTIFS(Skills!$E$2:$E$35,5,Skills!$K$2:$K$35,"Done") | D16: =IF(B16=0,0,C16/B16)
A17: 6 Production | B17: =COUNTIF(Skills!$E$2:$E$35,6) | C17: =COUNTIFS(Skills!$E$2:$E$35,6,Skills!$K$2:$K$35,"Done") | D17: =IF(B17=0,0,C17/B17)
A19: Agents | B19: Count
A20: Total agents | B20: =COUNTA(Agents!$B$2:$B$12)
A21: All skills ready (can build now) | B21: =COUNTIF(Agents!$I$2:$I$12,"Ready to build")
A22: Building | B22: =COUNTIF(Agents!$J$2:$J$12,"Building")
A23: Testing | B23: =COUNTIF(Agents!$J$2:$J$12,"Testing")
A24: Live | B24: =COUNTIF(Agents!$J$2:$J$12,"Live")
A26: Setup & inputs | B26: Count
A27: Total tasks | B27: =COUNTA('Setup & Inputs'!$B$2:$B$17)
A28: Done | B28: =COUNTIF('Setup & Inputs'!$G$2:$G$17,"Done")
A29: Mark's tasks still open | B29: =COUNTIFS('Setup & Inputs'!$D$2:$D$17,"Mark",'Setup & Inputs'!$G$2:$G$17,"<>Done")

Sheet Skills
A1: # | B1: Skill | C1: Group | D1: Who builds | E1: Phase | F1: Priority | G1: What goes in it | H1: What Claude gets wrong without it | I1: Used by (agents) | J1: # agents | K1: Status | L1: Notes
A2: 1 | B2: audience-profile | C2: A. Who we're talking to | D2: Mark | E2: 1 | G2: Each persona: trading experience, what they already know and believe, pains, goals, objections, what they've been burned by (signal groups, bots, courses), awareness stage (never heard of AI trading → ready to join GATC). | H2: Pitches at the wrong level: explains what they know, skips what they don't, writes for a generic "trader". | I2: Director, Scriptwriter, Competitor scout | K2: Not started
A3: 2 | B3: audience-language | C3: A. Who we're talking to | D3: Pipeline | E3: 2 | G3: The exact phrases the audience uses, taken from comments, DMs, Reddit and competitors' comment sections, grouped by pain point. | H3: Writes in marketer language instead of the words the audience uses. | I3: Scriptwriter | K3: Not started
A4: 3 | B4: product-truth-gatc | C4: B. What we're talking about | D4: Mark | E4: 1 | G4: What GATC is, how it works step by step, what's live today vs roadmap, real numbers with source and date, what it is NOT. Seed from the existing tqx-gatc-workflow skill. | H4: Invents features, describes the mechanics wrong, uses outdated numbers. | I4: Scriptwriter, Script critic, Production, B-roll | K4: Not started
A5: 4 | B5: product-truth-qube | C5: B. What we're talking about | D5: Mark | E5: 1 | G5: Same structure as product-truth-gatc, for QUBE. | H5: Invents features, describes the mechanics wrong, uses outdated numbers. | I5: Scriptwriter, Script critic, Production, B-roll | K5: Not started
A6: 5 | B6: terminology | C6: B. What we're talking about | D6: Mark | E6: 1 | F6: START HERE | G6: Glossary table: approved term, definition, never-say synonyms, capitalisation, explain-or-assume per audience, internal-only flag, and a correct-in-a-sentence example for each. | H6: Synonyms drifting (bot / algo / model / agent), wrong definitions, internal jargon leaking into scripts. | I6: Scriptwriter, Script critic, B-roll | K6: Not started
A7: 6 | B7: trading-fundamentals | C7: B. What we're talking about | D7: Claude drafts, Mark corrects | E7: 1 | G7: Correct meanings at the right depth (drawdown, win rate, sim vs live, backtest vs forward test, leverage, etc.), common misconceptions, and how WE explain each. | H7: Statements that are slightly wrong, which experienced traders spot instantly. | I7: Scriptwriter, Script critic | K7: Not started
A8: 7 | B8: claims-and-proof | C8: B. What we're talking about | D8: Mark | E8: 1 | G8: Every approved claim, paired with its proof (screenshot, leaderboard, result) and its allowed wording. | H8: Unproven "trust me" claims, which kill trust in a sceptical finance audience. | I8: Scriptwriter, B-roll | K8: Not started
A9: 8 | B9: positioning | C9: B. What we're talking about | D9: Mark | E9: 1 | G9: How we differ from signal groups, copy-trading, other AI bots and courses; the enemy we push against; comparisons we never make. | H9: Sounds like every other trading account. | I9: Director, Scriptwriter, Competitor scout | K9: Not started
A10: 9 | B10: tqx-voice | C10: C. How we sound | D10: Mark | E10: 1 | G10: Mark's rewrite. Who's speaking, point of view (I / we / you), attitude, energy, humour level, stance on hype. Built from transcripts of Mark talking naturally. | H10: Falls back to Claude's default polite, explainer voice. | I10: Scriptwriter, Script critic | K10: Not started
A11: 10 | B11: spoken-sentence-rules | C11: C. How we sound | D11: Claude drafts, Mark corrects | E11: 1 | G11: Sentence length range, one idea per sentence, contractions, how sentences may start, rhythm, punctuation for delivery, read-aloud test. Every rule has a bad line and a fixed line. | H11: Essay sentences that read fine on paper but sound wrong when spoken. | I11: Scriptwriter, Script critic | K11: Not started
A12: 11 | B12: anti-ai-patterns | C12: C. How we sound | D12: Claude drafts, Mark corrects | E12: 1 | G12: Banned patterns with fixes: "It's not X, it's Y", lists of three, em dashes, "Here's the thing", "Let's dive in", "game-changer", rhetorical-question chains, colon reveals, hedging, summary endings, motivational filler. | H12: The giveaways that make a script sound AI-written. | I12: Scriptwriter, Script critic | K12: Not started
A13: 12 | B13: hook-writing | C13: D. How a script is built | D13: Pipeline | E13: 2 | G13: From the link database: hook types, formulas, rules for the first 1–3 seconds, how spoken and on-screen text work together. | H13: Generic, slow, or clickbait hooks that don't fit TQX. | I13: Director, Scriptwriter, Retention analyst | K13: Not started
A14: 13 | B14: story-structures | C14: D. How a script is built | D14: Pipeline | E14: 2 | G14: From the link database: named structures with their beats, which goal each fits, seconds per beat at 30/45/60s. | H14: Shapeless middles; payoff in the wrong place. | I14: Scriptwriter, Retention analyst | K14: Not started
A15: 14 | B15: retention-writing | C15: D. How a script is built | D15: Pipeline | E15: 2 | G15: From the link database: open loops, a re-hook every few seconds, pattern breaks, payoff placement. | H15: Viewers leave in the middle. | I15: Scriptwriter, Retention analyst | K15: Not started
A16: 15 | B16: script-logic | C16: D. How a script is built | D16: Claude drafts, Mark corrects | E16: 1 | G16: The reasoning chain: the hook's promise must be paid off; every line answers "so what?" or "how?"; no skipped steps; correct cause and effect; one main idea per video; the explain-it-to-a-friend test. | H16: Scripts that sound fine line by line but don't make sense as a whole. | I16: Director, Scriptwriter, Script critic, Retention analyst | K16: Not started
A17: 16 | B17: content-formats | C17: D. How a script is built | D17: Mark | E17: 1 | G17: Our recurring formats (e.g. GATC leaderboard update, AI-vs-AI, behind the build, myth-bust): template, length, when to use each. | H17: Reinvents the format every time; inconsistent series. | I17: Director, Scriptwriter | K17: Not started
A18: 17 | B18: cta-and-offer | C18: D. How a script is built | D18: Mark | E18: 1 | G18: What we ask for at each goal (follow, comment a keyword, join GATC, try QUBE), exact wording, where it goes. | H18: Missing, random, or wrong-offer CTAs. | I18: Scriptwriter | K18: Not started
... A20: 19 | B20: finance-compliance | C20: E. Guardrails | D20: Mark | E20: 1 | G20: No return promises, required disclaimers, sim-vs-live wording, banned phrases ("guaranteed", "passive income", etc.). | H20: Claims that are legally risky or look like a scam. | I20: Director, Scriptwriter, Script critic | K20: Not started
A21: 20 | B21: gold-standard-scripts | C21: F. Quality | D21: Mark | E21: 1 | F21: START HERE | G21: 10–20 approved scripts annotated line by line with why each line works, plus rejected scripts with why they failed. | H21: Misreads the rules; good examples teach more than rules do. | I21: Director, Scriptwriter | K21: Not started
A22: 21 | B22: fix-log | C22: F. Quality | D22: Claude drafts, Mark corrects | E22: 1 | G22: Every correction Mark makes: original line → fix → reason → which rule it breaks. Repeated fixes get promoted into rules by the Skill updater. | H22: The same mistake gets fixed for weeks instead of once. | I22: Scriptwriter, Script critic, Skill updater | K22: Not started
A23: 22 | B23: script-qa-checklist | C23: F. Quality | D23: Claude drafts, Mark corrects | E23: 1 | G23: The line-by-line review the Script critic runs before any script reaches Mark. | H23: Problems reach Mark instead of being caught first. | I23: Script critic | K23: Not started
A24: 23 | B24: content-strategy | C24: G. Strategy | D24: Mark | E24: 1 | G24: Content pillars, posting mix, what each week should push (GATC vs QUBE), goals per pillar. | H24: Random topics with no plan behind them. | I24: Director | K24: Not started
A25: 24 | B25: content-scorecard | C25: G. Strategy | D25: Mark | E25: 1 | G25: The metrics that define "good" (e.g. 3-second hold, average watch %, shares per 1k views) and the targets for each. | H25: Approvals based on gut feel; no way to tell if the machine is improving. | I25: Director, Analytics | K25: Not started
A26: 25 | B26: storyboarding | C26: H. Production | D26: Pipeline | E26: 6 | G26: From the link database plus storyboards Mark likes: turning lines into shots (framing, angle, movement, duration). | H26: Shot lists that are vague or impossible to film. | I26: Production | K26: Not started
A27: 26 | B27: filming-setup | C27: H. Production | D27: Mark | E27: 6 | G27: Mark's gear, locations, lighting, and how he films. | H27: Plans shots that can't be filmed with the gear available. | I27: Production | K27: Not started
A28: 27 | B28: broll-sourcing | C28: H. Production | D28: Mark | E28: 6 | G28: Every GATC/QUBE screen and account available to capture, and how to capture each (recording settings, crop, what to hide). | H28: Asks for visuals that don't exist or can't be captured. | I28: B-roll | K28: Not started
A29: 28 | B29: video-breakdown | C29: I. Research | D29: Claude drafts, Mark corrects | E29: 2 | G29: The fixed lesson-card format: claims, rules, example hooks, structure, timestamps, source link. | H29: Every video analysed differently, so lessons can't be combined. | I29: Video analyst, Competitor scout | K29: Not started
A30: 29 | B30: kb-curation | C30: I. Research | D30: Claude drafts, Mark corrects | E30: 2 | G30: How to tag, dedupe and score knowledge: strong (several creators) / contested / single-source. | H30: Duplicate or contradictory rules piling up in the knowledge base. | I30: Librarian | K30: Not started
A31: 30 | B31: remix-for-product | C31: I. Research | D31: Claude drafts, Mark corrects | E31: 5 | G31: How to keep a viral video's structure and hook but rebuild it around GATC/QUBE, without copying footage. | H31: Copies competitors too closely, or loses what made the original work. | I31: Competitor scout | K31: Not started
A32: 31 | B32: skill-creator | C32: I. Research | D32: Already exists | E32: 2 | G32: Anthropic's format for writing and structuring a SKILL.md. Already installed. | H32: Badly structured skills that load the wrong detail at the wrong time. | I32: Librarian, Skill updater | K32: Done
A33: 32 | B33: metrics-definitions | C33: J. Feedback | D33: Claude drafts, Mark corrects | E33: 3 | G33: Which numbers to pull from Instagram, what each means, how to compare videos fairly (age of post, reach). | H33: Compares posts unfairly and draws wrong conclusions. | I33: Analytics | K33: Not started
... A35: 34 | B35: skill-updating | C35: J. Feedback | D35: Claude drafts, Mark corrects | E35: 4 | G35: Rules for changing a skill: minimum sample size, show a diff, Mark approves, log the change. | H35: Skills drift after one bad video. | I35: Skill updater | K35: Not started

Sheet Agent x Skill
A1: Skill | B1: Status | C1: Director | D1: Scriptwriter | E1: Script critic | F1: Production | G1: B-roll | H1: Video analyst | I1: Librarian | J1: Competitor scout | K1: Analytics | L1: Retention analyst | M1: Skill updater
A2: =Skills!B2 | B2: =Skills!K2 | C2: ✓ | D2: ✓ | J2: ✓
A3: =Skills!B3 | B3: =Skills!K3 | D3: ✓
A4: =Skills!B4 | B4: =Skills!K4 | D4: ✓ | E4: ✓ | F4: ✓ | G4: ✓
A5: =Skills!B5 | B5: =Skills!K5 | D5: ✓ | E5: ✓ | F5: ✓ | G5: ✓
A6: =Skills!B6 | B6: =Skills!K6 | D6: ✓ | E6: ✓ | G6: ✓
A7: =Skills!B7 | B7: =Skills!K7 | D7: ✓ | E7: ✓
A8: =Skills!B8 | B8: =Skills!K8 | D8: ✓ | G8: ✓
A9: =Skills!B9 | B9: =Skills!K9 | C9: ✓ | D9: ✓ | J9: ✓
A10: =Skills!B10 | B10: =Skills!K10 | D10: ✓ | E10: ✓
A11: =Skills!B11 | B11: =Skills!K11 | D11: ✓ | E11: ✓
A12: =Skills!B12 | B12: =Skills!K12 | D12: ✓ | E12: ✓
A13: =Skills!B13 | B13: =Skills!K13 | C13: ✓ | D13: ✓ | L13: ✓
A14: =Skills!B14 | B14: =Skills!K14 | D14: ✓ | L14: ✓
A15: =Skills!B15 | B15: =Skills!K15 | D15: ✓ | L15: ✓
A16: =Skills!B16 | B16: =Skills!K16 | C16: ✓ | D16: ✓ | E16: ✓ | L16: ✓
A17: =Skills!B17 | B17: =Skills!K17 | C17: ✓ | D17: ✓
A18: =Skills!B18 | B18: =Skills!K18 | D18: ✓
A19: =Skills!B19 | B19: =Skills!K19 | D19: ✓ | F19: ✓
A20: =Skills!B20 | B20: =Skills!K20 | C20: ✓ | D20: ✓ | E20: ✓
A21: =Skills!B21 | B21: =Skills!K21 | C21: ✓ | D21: ✓
A22: =Skills!B22 | B22: =Skills!K22 | D22: ✓ | E22: ✓ | M22: ✓
A23: =Skills!B23 | B23: =Skills!K23 | E23: ✓
A24: =Skills!B24 | B24: =Skills!K24 | C24: ✓
A25: =Skills!B25 | B25: =Skills!K25 | C25: ✓ | K25: ✓
A26: =Skills!B26 | B26: =Skills!K26 | F26: ✓
A27: =Skills!B27 | B27: =Skills!K27 | F27: ✓
A28: =Skills!B28 | B28: =Skills!K28 | G28: ✓
A29: =Skills!B29 | B29: =Skills!K29 | H29: ✓ | J29: ✓
A30: =Skills!B30 | B30: =Skills!K30 | I30: ✓
A31: =Skills!B31 | B31: =Skills!K31 | J31: ✓
A32: =Skills!B32 | B32: =Skills!K32 | I32: ✓ | M32: ✓
A33: =Skills!B33 | B33: =Skills!K33 | K33: ✓
A34: =Skills!B34 | B34: =Skills!K34 | L34: ✓
A35: =Skills!B35 | B35: =Skills!K35 | M35: ✓

Sheet Agents
A1: # | B1: Agent | C1: Loop | D1: Phase | E1: Job | F1: Skills it loads | G1: Skills needed | H1: Skills done | I1: Ready? | J1: Status | K1: Notes
A2: 1 | B2: Director | C2: Production | D2: 1 | E2: Sets the weekly content plan and the angle for each video; approves the outline, script and final cut. | F2: content-strategy audience-profile positioning content-formats content-scorecard script-logic hook-writing finance-compliance gold-standard-scripts | G2: =COUNTIF('Agent x Skill'!$C$2:$C$35,"✓") | H2: =SUMPRODUCT(('Agent x Skill'!$C$2:$C$35="✓")*('Agent x Skill'!$B$2:$B$35="Done")) | I2: =IF(H2=G2,"Ready to build","Waiting on "&(G2-H2)&" skill"&IF(G2-H2=1,"","s")) | J2: Not started
A3: 2 | B3: Scriptwriter | C3: Production | D3: 1 | E3: Writes in passes (outline → draft → voice pass) with estimated timestamps per line. | F3: audience-profile audience-language product-truth-gatc product-truth-qube terminology trading-fundamentals claims-and-proof positioning tqx-voice spoken-sentence-rules anti-ai-patterns hook-writing story-structures retention-writing script-logic content-formats cta-and-offer on-screen-text finance-compliance gold-standard-scripts fix-log | G3: =COUNTIF('Agent x Skill'!$D$2:$D$35,"✓") | H3: =SUMPRODUCT(('Agent x Skill'!$D$2:$D$35="✓")*('Agent x Skill'!$B$2:$B$35="Done")) | I3: =IF(H3=G3,"Ready to build","Waiting on "&(G3-H3)&" skill"&IF(G3-H3=1,"","s")) | J3: Not started
A4: 3 | B4: Script critic | C4: Production | D4: 1 | E4: Reviews every script line by line before the Director sees it and sends it back with specific fixes. | F4: script-qa-checklist terminology product-truth-gatc product-truth-qube trading-fundamentals spoken-sentence-rules anti-ai-patterns script-logic tqx-voice finance-compliance fix-log | G4: =COUNTIF('Agent x Skill'!$E$2:$E$35,"✓") | H4: =SUMPRODUCT(('Agent x Skill'!$E$2:$E$35="✓")*('Agent x Skill'!$B$2:$B$35="Done")) | I4: =IF(H4=G4,"Ready to build","Waiting on "&(G4-H4)&" skill"&IF(G4-H4=1,"","s")) | J4: Not started
A5: 4 | B5: Production | C5: Production | D5: 6 | E5: Turns the locked script into a storyboard and shot list. | F5: storyboarding filming-setup on-screen-text product-truth-gatc product-truth-qube | G5: =COUNTIF('Agent x Skill'!$F$2:$F$35,"✓") | H5: =SUMPRODUCT(('Agent x Skill'!$F$2:$F$35="✓")*('Agent x Skill'!$B$2:$B$35="Done")) | I5: =IF(H5=G5,"Ready to build","Waiting on "&(G5-H5)&" skill"&IF(G5-H5=1,"","s")) | J5: Not started
A6: 5 | B6: B-roll | C6: Production | D6: 6 | E6: Lists every screen recording and screenshot needed, with a capture checklist. | F6: broll-sourcing claims-and-proof product-truth-gatc product-truth-qube terminology | G6: =COUNTIF('Agent x Skill'!$G$2:$G$35,"✓") | H6: =SUMPRODUCT(('Agent x Skill'!$G$2:$G$35="✓")*('Agent x Skill'!$B$2:$B$35="Done")) | I6: =IF(H6=G6,"Ready to build","Waiting on "&(G6-H6)&" skill"&IF(G6-H6=1,"","s")) | J6: Not started
A7: 6 | B7: Video analyst | C7: Research | D7: 2 | E7: Downloads, transcribes and grabs frames, then writes one lesson card per video. | F7: video-breakdown | G7: =COUNTIF('Agent x Skill'!$H$2:$H$35,"✓") | H7: =SUMPRODUCT(('Agent x Skill'!$H$2:$H$35="✓")*('Agent x Skill'!$B$2:$B$35="Done")) | I7: =IF(H7=G7,"Ready to build","Waiting on "&(G7-H7)&" skill"&IF(G7-H7=1,"","s")) | J7: Not started
A8: 7 | B8: Librarian | C8: Research | D8: 2 | E8: Combines lesson cards into skills and ranks rules (strong / contested / single-source). | F8: kb-curation skill-creator | G8: =COUNTIF('Agent x Skill'!$I$2:$I$35,"✓") | H8: =SUMPRODUCT(('Agent x Skill'!$I$2:$I$35="✓")*('Agent x Skill'!$B$2:$B$35="Done")) | I8: =IF(H8=G8,"Ready to build","Waiting on "&(G8-H8)&" skill"&IF(G8-H8=1,"","s")) | J8: Not started
A9: 8 | B9: Competitor scout | C9: Research | D9: 5 | E9: Finds top-performing Reels in the niche and writes remix-for-GATC/QUBE briefs. | F9: video-breakdown remix-for-product audience-profile positioning | G9: =COUNTIF('Agent x Skill'!$J$2:$J$35,"✓") | H9: =SUMPRODUCT(('Agent x Skill'!$J$2:$J$35="✓")*('Agent x Skill'!$B$2:$B$35="Done")) | I9: =IF(H9=G9,"Ready to build","Waiting on "&(G9-H9)&" skill"&IF(G9-H9=1,"","s")) | J9: Not started
A10: 9 | B10: Analytics | C10: Feedback | D10: 3 | E10: Pulls metrics for each post and matches them to the video ID and its script. | F10: metrics-definitions content-scorecard | G10: =COUNTIF('Agent x Skill'!$K$2:$K$35,"✓") | H10: =SUMPRODUCT(('Agent x Skill'!$K$2:$K$35="✓")*('Agent x Skill'!$B$2:$B$35="Done")) | I10: =IF(H10=G10,"Ready to build","Waiting on "&(G10-H10)&" skill"&IF(G10-H10=1,"","s")) | J10: Not started
A11: 10 | B11: Retention analyst | C11: Feedback | D11: 4 | E11: Maps each drop-off to a script line and gives the cause. | F11: retention-diagnosis hook-writing story-structures retention-writing script-logic | G11: =COUNTIF('Agent x Skill'!$L$2:$L$35,"✓") | H11: =SUMPRODUCT(('Agent x Skill'!$L$2:$L$35="✓")*('Agent x Skill'!$B$2:$B$35="Done")) | I11: =IF(H11=G11,"Ready to build","Waiting on "&(G11-H11)&" skill"&IF(G11-H11=1,"","s")) | J11: Not started
A12: 11 | B12: Skill updater | C12: Feedback | D12: 4 | E12: Turns patterns in the data and in Mark's fixes into proposed skill changes; Mark approves each one. | F12: skill-updating fix-log skill-creator | G12: =COUNTIF('Agent x Skill'!$M$2:$M$35,"✓") | H12: =SUMPRODUCT(('Agent x Skill'!$M$2:$M$35="✓")*('Agent x Skill'!$B$2:$B$35="Done")) | I12: =IF(H12=G12,"Ready to build","Waiting on "&(G12-H12)&" skill"&IF(G12-H12=1,"","s")) | J12: Not started

Sheet Setup & Inputs
A1: # | B1: Task | C1: Why | D1: Who | E1: Phase | F1: Link | G1: Status | H1: Notes
A2: 1 | B2: Create the content-machine folder and put it in git | C2: Every skill change becomes a diff you can read and roll back | D2: Claude | E2: 1 | G2: Not started
A3: 2 | B3: Write CLAUDE.md (products, audience summary, scorecard) | C3: Every agent reads it first | D3: Claude drafts, Mark corrects | E3: 1 | G3: Not started
A4: 3 | B4: Build the automatic script checker | C4: Catches banned phrases, em dashes, non-glossary terms and long sentences every time | D4: Claude | E4: 1 | G4: Not started
A5: 4 | B5: Collect recordings of Mark talking naturally (voice notes, lives, best videos) | C5: Raw material for tqx-voice | D5: Mark | E5: 1 | G5: Not started
A6: 5 | B6: Collect 10–20 approved scripts and some rejected ones | C6: Raw material for gold-standard-scripts | D6: Mark | E6: 1 | G6: Not started
A7: 6 | B7: Build the IG link database, tagged by topic (hooks / storytelling / retention / editing) | C7: Feeds hook-writing, story-structures, retention-writing, storyboarding | D7: Mark | E7: 2 | G7: Not started
A8: 7 | B8: Decide on yt-dlp for downloading Reels (against Instagram's terms) or manual saving | C8: The transcriber needs the video file | D8: Mark | E8: 2 | G8: Not started
A9: 8 | B9: Install ffmpeg, whisper-cpp and yt-dlp | C9: Frames + transcripts so Claude can study videos | D9: Claude | E9: 2 | G9: Not started
A10: 9 | B10: Build the study-video tool (download → transcript → frames → lesson card) | C10: Turns each link into a lesson card | D10: Claude | E10: 2 | G10: Not started
A11: 10 | B11: Set up video IDs (VID-### folder per video) | C11: Links brief → script → shots → post → metrics | D11: Claude | E11: 3 | G11: Not started
A12: 11 | B12: Switch Instagram to a Business/Creator account linked to a Facebook Page | C12: Required for the Instagram insights API | D12: Mark | E12: 3 | F12: https://business.facebook.com/ | G12: Not started
A13: 12 | B13: Create Meta developer access for Instagram insights | C13: Lets the Analytics agent pull metrics | D13: Mark | E13: 3 | F13: https://developers.facebook.com/apps/ | G13: Not started
A14: 13 | B14: Screenshot the retention graph for each post (ongoing) | C14: The API doesn't give the second-by-second curve | D14: Mark | E14: 4 | G14: Not started
A15: 14 | B15: List the competitor accounts to watch | C15: Input for the Competitor scout | D15: Mark | E15: 5 | G15: Not started
A16: 15 | B16: Schedule runs: research daily, feedback weekly | C16: Makes the machine run without you starting it | D16: Claude | E16: 7 | G16: Not started
A17: 16 | B17: Later: add the Editor agent and find where the earlier one lives | C17: Editing is human for now | D17: Mark | E17: 8 | G17: Not started
